{
    "mean_value": 24904.848968,
    "std_value": 24230.409355867076
}