{
    "metadata": {
        "target_variable": "charges",
        "test_size": 0.2,
        "random_state": 42,
        "n_train_samples": 16,
        "n_test_samples": 4,
        "n_features": 6,
        "features": [
            "age",
            "sex",
            "bmi",
            "children",
            "smoker",
            "region"
        ]
    },
    "results": {
        "Linear Regression": {
            "model_name": "Linear Regression",
            "train_r2": 0.7207319255515205,
            "train_rmse": 6465.237947927532,
            "train_mae": 4964.6728135707,
            "train_mape": 63.93310239106596,
            "test_r2": -0.09291410951705537,
            "test_rmse": 6749.698737720377,
            "test_mae": 5664.384394917338,
            "test_mape": 154.24151974442458
        },
        "Ridge Regression": {
            "model_name": "Ridge Regression",
            "train_r2": 0.6135057195288112,
            "train_rmse": 7605.808802862681,
            "train_mae": 6185.599725118858,
            "train_mape": 96.46088982258273,
            "test_r2": -0.25446953858232013,
            "test_rmse": 7231.384148123238,
            "test_mae": 7220.290398233156,
            "test_mape": 283.0630943573578,
            "best_alpha": 10.0
        },
        "Lasso Regression": {
            "model_name": "Lasso Regression",
            "train_r2": 0.7200017171405777,
            "train_rmse": 6473.684830297953,
            "train_mae": 4976.169142727179,
            "train_mape": 64.73876792683599,
            "test_r2": -0.17606676454048076,
            "test_rmse": 7001.762273768465,
            "test_mae": 5919.936312806853,
            "test_mape": 161.89384205270397,
            "best_alpha": 100.0,
            "selected_features": 6
        },
        "Random Forest": {
            "model_name": "Random Forest",
            "train_r2": 0.9028125197281345,
            "train_rmse": 3813.985427510392,
            "train_mae": 2618.9106744500036,
            "train_mape": 35.9212068501982,
            "test_r2": -0.7487671562721563,
            "test_rmse": 8538.023914837679,
            "test_mae": 7625.621424199997,
            "test_mape": 273.2607149924729
        },
        "Gradient Boosting": {
            "model_name": "Gradient Boosting",
            "train_r2": 0.9999999999330926,
            "train_rmse": 0.10007161048526382,
            "train_mae": 0.08508348819626121,
            "train_mape": 0.0010253032744459841,
            "test_r2": -0.7976554417472881,
            "test_rmse": 8656.545173768816,
            "test_mae": 6222.954277811963,
            "test_mape": 142.71626503074927
        }
    },
    "best_model": "Linear Regression"
}